PRAGMA foreign_keys=OFF;
BEGIN TRANSACTION;
CREATE TABLE IF NOT EXISTS "django_migrations" ("id" integer NOT NULL PRIMARY KEY AUTOINCREMENT, "app" varchar(255) NOT NULL, "name" varchar(255) NOT NULL, "applied" datetime NOT NULL);
INSERT INTO django_migrations VALUES(1,'contenttypes','0001_initial','2024-12-02 05:30:13.052941');
INSERT INTO django_migrations VALUES(2,'auth','0001_initial','2024-12-02 05:30:13.082717');
INSERT INTO django_migrations VALUES(3,'admin','0001_initial','2024-12-02 05:30:13.116254');
INSERT INTO django_migrations VALUES(4,'admin','0002_logentry_remove_auto_add','2024-12-02 05:30:13.132986');
INSERT INTO django_migrations VALUES(5,'admin','0003_logentry_add_action_flag_choices','2024-12-02 05:30:13.161208');
INSERT INTO django_migrations VALUES(6,'contenttypes','0002_remove_content_type_name','2024-12-02 05:30:13.195738');
INSERT INTO django_migrations VALUES(7,'auth','0002_alter_permission_name_max_length','2024-12-02 05:30:13.207876');
INSERT INTO django_migrations VALUES(8,'auth','0003_alter_user_email_max_length','2024-12-02 05:30:13.227924');
INSERT INTO django_migrations VALUES(9,'auth','0004_alter_user_username_opts','2024-12-02 05:30:13.238304');
INSERT INTO django_migrations VALUES(10,'auth','0005_alter_user_last_login_null','2024-12-02 05:30:13.257905');
INSERT INTO django_migrations VALUES(11,'auth','0006_require_contenttypes_0002','2024-12-02 05:30:13.257905');
INSERT INTO django_migrations VALUES(12,'auth','0007_alter_validators_add_error_messages','2024-12-02 05:30:13.274565');
INSERT INTO django_migrations VALUES(13,'auth','0008_alter_user_username_max_length','2024-12-02 05:30:13.298772');
INSERT INTO django_migrations VALUES(14,'auth','0009_alter_user_last_name_max_length','2024-12-02 05:30:13.380515');
INSERT INTO django_migrations VALUES(15,'auth','0010_alter_group_name_max_length','2024-12-02 05:30:13.399868');
INSERT INTO django_migrations VALUES(16,'auth','0011_update_proxy_permissions','2024-12-02 05:30:13.450099');
INSERT INTO django_migrations VALUES(17,'auth','0012_alter_user_first_name_max_length','2024-12-02 05:30:13.458058');
INSERT INTO django_migrations VALUES(18,'calls','0001_initial','2024-12-02 05:30:13.491187');
INSERT INTO django_migrations VALUES(19,'sessions','0001_initial','2024-12-02 05:30:13.508155');
INSERT INTO django_migrations VALUES(20,'calls','0002_calllog_action_taken_calllog_category_and_more','2024-12-03 05:54:33.758337');
CREATE TABLE IF NOT EXISTS "auth_group_permissions" ("id" integer NOT NULL PRIMARY KEY AUTOINCREMENT, "group_id" integer NOT NULL REFERENCES "auth_group" ("id") DEFERRABLE INITIALLY DEFERRED, "permission_id" integer NOT NULL REFERENCES "auth_permission" ("id") DEFERRABLE INITIALLY DEFERRED);
CREATE TABLE IF NOT EXISTS "auth_user_groups" ("id" integer NOT NULL PRIMARY KEY AUTOINCREMENT, "user_id" integer NOT NULL REFERENCES "auth_user" ("id") DEFERRABLE INITIALLY DEFERRED, "group_id" integer NOT NULL REFERENCES "auth_group" ("id") DEFERRABLE INITIALLY DEFERRED);
CREATE TABLE IF NOT EXISTS "auth_user_user_permissions" ("id" integer NOT NULL PRIMARY KEY AUTOINCREMENT, "user_id" integer NOT NULL REFERENCES "auth_user" ("id") DEFERRABLE INITIALLY DEFERRED, "permission_id" integer NOT NULL REFERENCES "auth_permission" ("id") DEFERRABLE INITIALLY DEFERRED);
CREATE TABLE IF NOT EXISTS "django_admin_log" ("id" integer NOT NULL PRIMARY KEY AUTOINCREMENT, "object_id" text NULL, "object_repr" varchar(200) NOT NULL, "action_flag" smallint unsigned NOT NULL CHECK ("action_flag" >= 0), "change_message" text NOT NULL, "content_type_id" integer NULL REFERENCES "django_content_type" ("id") DEFERRABLE INITIALLY DEFERRED, "user_id" integer NOT NULL REFERENCES "auth_user" ("id") DEFERRABLE INITIALLY DEFERRED, "action_time" datetime NOT NULL);
INSERT INTO django_admin_log VALUES(1,'1','George Orucho',1,'[{"added": {}}]',7,1,'2024-12-02 06:32:35.815301');
INSERT INTO django_admin_log VALUES(2,'1','George Orucho - Query',1,'[{"added": {}}]',9,1,'2024-12-02 06:33:44.398254');
INSERT INTO django_admin_log VALUES(3,'2','ERIC KOROS',1,'[{"added": {}}]',7,1,'2024-12-02 08:43:32.103982');
INSERT INTO django_admin_log VALUES(4,'2','ERIC KOROS - Query',1,'[{"added": {}}]',9,1,'2024-12-02 08:45:16.947512');
INSERT INTO django_admin_log VALUES(5,'2','ERIC KOROS - Query',2,'[{"changed": {"fields": ["Description"]}}]',9,1,'2024-12-02 08:45:44.297084');
INSERT INTO django_admin_log VALUES(6,'3','PETER',1,'[{"added": {}}]',7,1,'2024-12-02 12:12:04.269301');
INSERT INTO django_admin_log VALUES(7,'3','PETER - Query',1,'[{"added": {}}]',9,1,'2024-12-02 12:18:19.449545');
INSERT INTO django_admin_log VALUES(8,'4','DIBA',1,'[{"added": {}}]',7,1,'2024-12-02 12:58:42.182607');
INSERT INTO django_admin_log VALUES(9,'4','DIBA - Query',1,'[{"added": {}}]',9,1,'2024-12-02 12:59:40.142149');
INSERT INTO django_admin_log VALUES(10,'5','JANE',1,'[{"added": {}}]',7,1,'2024-12-02 13:00:53.367563');
INSERT INTO django_admin_log VALUES(11,'5','JANE - Query',1,'[{"added": {}}]',9,1,'2024-12-02 13:02:20.498048');
INSERT INTO django_admin_log VALUES(12,'6','GEORGE',1,'[{"added": {}}]',7,1,'2024-12-03 08:00:46.525244');
INSERT INTO django_admin_log VALUES(13,'6','GEORGE - Query',1,'[{"added": {}}]',9,1,'2024-12-03 08:02:34.473417');
INSERT INTO django_admin_log VALUES(14,'7','WILLSON',1,'[{"added": {}}]',7,1,'2024-12-03 08:05:23.021374');
INSERT INTO django_admin_log VALUES(15,'7','WILLSON - Query',1,'[{"added": {}}]',9,1,'2024-12-03 08:09:46.434648');
INSERT INTO django_admin_log VALUES(16,'6','GEORGE - Query',2,'[{"changed": {"fields": ["Recommendation"]}}]',9,1,'2024-12-03 08:10:27.520038');
INSERT INTO django_admin_log VALUES(17,'8','KOECH',1,'[{"added": {}}]',7,1,'2024-12-03 08:23:22.065543');
INSERT INTO django_admin_log VALUES(18,'8','KOECH - Query',1,'[{"added": {}}]',9,1,'2024-12-03 08:33:58.143602');
INSERT INTO django_admin_log VALUES(19,'9','MARGARET WANJAU',1,'[{"added": {}}]',7,1,'2024-12-03 11:24:02.706115');
INSERT INTO django_admin_log VALUES(20,'9','MARGARET WANJAU - Query',1,'[{"added": {}}]',9,1,'2024-12-03 11:26:54.520077');
INSERT INTO django_admin_log VALUES(21,'10','WILSON',1,'[{"added": {}}]',7,1,'2024-12-03 11:50:39.018475');
INSERT INTO django_admin_log VALUES(22,'10','WILSON - Query',1,'[{"added": {}}]',9,1,'2024-12-03 11:53:06.846796');
INSERT INTO django_admin_log VALUES(23,'11','FRED',1,'[{"added": {}}]',7,1,'2024-12-03 12:02:19.855553');
INSERT INTO django_admin_log VALUES(24,'11','FRED - Query',1,'[{"added": {}}]',9,1,'2024-12-03 12:04:34.619544');
INSERT INTO django_admin_log VALUES(25,'11','FRED',2,'[{"changed": {"fields": ["Phone"]}}]',7,1,'2024-12-03 12:07:25.081360');
INSERT INTO django_admin_log VALUES(26,'12','Eunice',1,'[{"added": {}}]',7,1,'2024-12-03 12:57:19.833691');
INSERT INTO django_admin_log VALUES(27,'12','Eunice - Query',1,'[{"added": {}}]',9,1,'2024-12-03 12:59:20.564059');
INSERT INTO django_admin_log VALUES(28,'13','N/A',1,'[{"added": {}}]',7,1,'2024-12-03 13:33:46.182257');
INSERT INTO django_admin_log VALUES(29,'13','N/A - Query',1,'[{"added": {}}]',9,1,'2024-12-03 13:34:36.797949');
CREATE TABLE IF NOT EXISTS "django_content_type" ("id" integer NOT NULL PRIMARY KEY AUTOINCREMENT, "app_label" varchar(100) NOT NULL, "model" varchar(100) NOT NULL);
INSERT INTO django_content_type VALUES(1,'admin','logentry');
INSERT INTO django_content_type VALUES(2,'auth','permission');
INSERT INTO django_content_type VALUES(3,'auth','group');
INSERT INTO django_content_type VALUES(4,'auth','user');
INSERT INTO django_content_type VALUES(5,'contenttypes','contenttype');
INSERT INTO django_content_type VALUES(6,'sessions','session');
INSERT INTO django_content_type VALUES(7,'calls','customer');
INSERT INTO django_content_type VALUES(8,'calls','report');
INSERT INTO django_content_type VALUES(9,'calls','calllog');
CREATE TABLE IF NOT EXISTS "auth_permission" ("id" integer NOT NULL PRIMARY KEY AUTOINCREMENT, "content_type_id" integer NOT NULL REFERENCES "django_content_type" ("id") DEFERRABLE INITIALLY DEFERRED, "codename" varchar(100) NOT NULL, "name" varchar(255) NOT NULL);
INSERT INTO auth_permission VALUES(1,1,'add_logentry','Can add log entry');
INSERT INTO auth_permission VALUES(2,1,'change_logentry','Can change log entry');
INSERT INTO auth_permission VALUES(3,1,'delete_logentry','Can delete log entry');
INSERT INTO auth_permission VALUES(4,1,'view_logentry','Can view log entry');
INSERT INTO auth_permission VALUES(5,2,'add_permission','Can add permission');
INSERT INTO auth_permission VALUES(6,2,'change_permission','Can change permission');
INSERT INTO auth_permission VALUES(7,2,'delete_permission','Can delete permission');
INSERT INTO auth_permission VALUES(8,2,'view_permission','Can view permission');
INSERT INTO auth_permission VALUES(9,3,'add_group','Can add group');
INSERT INTO auth_permission VALUES(10,3,'change_group','Can change group');
INSERT INTO auth_permission VALUES(11,3,'delete_group','Can delete group');
INSERT INTO auth_permission VALUES(12,3,'view_group','Can view group');
INSERT INTO auth_permission VALUES(13,4,'add_user','Can add user');
INSERT INTO auth_permission VALUES(14,4,'change_user','Can change user');
INSERT INTO auth_permission VALUES(15,4,'delete_user','Can delete user');
INSERT INTO auth_permission VALUES(16,4,'view_user','Can view user');
INSERT INTO auth_permission VALUES(17,5,'add_contenttype','Can add content type');
INSERT INTO auth_permission VALUES(18,5,'change_contenttype','Can change content type');
INSERT INTO auth_permission VALUES(19,5,'delete_contenttype','Can delete content type');
INSERT INTO auth_permission VALUES(20,5,'view_contenttype','Can view content type');
INSERT INTO auth_permission VALUES(21,6,'add_session','Can add session');
INSERT INTO auth_permission VALUES(22,6,'change_session','Can change session');
INSERT INTO auth_permission VALUES(23,6,'delete_session','Can delete session');
INSERT INTO auth_permission VALUES(24,6,'view_session','Can view session');
INSERT INTO auth_permission VALUES(25,7,'add_customer','Can add customer');
INSERT INTO auth_permission VALUES(26,7,'change_customer','Can change customer');
INSERT INTO auth_permission VALUES(27,7,'delete_customer','Can delete customer');
INSERT INTO auth_permission VALUES(28,7,'view_customer','Can view customer');
INSERT INTO auth_permission VALUES(29,8,'add_report','Can add report');
INSERT INTO auth_permission VALUES(30,8,'change_report','Can change report');
INSERT INTO auth_permission VALUES(31,8,'delete_report','Can delete report');
INSERT INTO auth_permission VALUES(32,8,'view_report','Can view report');
INSERT INTO auth_permission VALUES(33,9,'add_calllog','Can add call log');
INSERT INTO auth_permission VALUES(34,9,'change_calllog','Can change call log');
INSERT INTO auth_permission VALUES(35,9,'delete_calllog','Can delete call log');
INSERT INTO auth_permission VALUES(36,9,'view_calllog','Can view call log');
CREATE TABLE IF NOT EXISTS "auth_group" ("id" integer NOT NULL PRIMARY KEY AUTOINCREMENT, "name" varchar(150) NOT NULL UNIQUE);
CREATE TABLE IF NOT EXISTS "auth_user" ("id" integer NOT NULL PRIMARY KEY AUTOINCREMENT, "password" varchar(128) NOT NULL, "last_login" datetime NULL, "is_superuser" bool NOT NULL, "username" varchar(150) NOT NULL UNIQUE, "last_name" varchar(150) NOT NULL, "email" varchar(254) NOT NULL, "is_staff" bool NOT NULL, "is_active" bool NOT NULL, "date_joined" datetime NOT NULL, "first_name" varchar(150) NOT NULL);
INSERT INTO auth_user VALUES(1,'pbkdf2_sha256$870000$sJYfOshSn9zhQg3t8SqlDq$MaK5TQRQOUuYCiUShprR16YLOPDuDOIIvdD+ccErsE8=','2024-12-02 06:29:37.899759',1,'mwanikigachanja','','mwanikigachanja@gmail.com',1,1,'2024-12-02 06:29:07.778266','');
CREATE TABLE IF NOT EXISTS "calls_customer" ("id" integer NOT NULL PRIMARY KEY AUTOINCREMENT, "name" varchar(100) NOT NULL, "phone" varchar(15) NOT NULL UNIQUE, "email" varchar(254) NULL, "address" text NULL);
INSERT INTO calls_customer VALUES(1,'George Orucho','0757137830','george.orucho@apolloagriculture.com','Apollo Agriculture');
INSERT INTO calls_customer VALUES(2,'ERIC KOROS','0787639718',NULL,'Narok');
INSERT INTO calls_customer VALUES(3,'PETER','0723134499',NULL,'NAIROBI/NAKURU');
INSERT INTO calls_customer VALUES(4,'DIBA','0722124679',NULL,replace(replace('CRDB - NAIROBI \r\n\r\nFODDER CROPS','\r',char(13)),'\n',char(10)));
INSERT INTO calls_customer VALUES(5,'JANE','0716464144',NULL,'NAIVASHA');
INSERT INTO calls_customer VALUES(6,'GEORGE','0722667044',NULL,'OGEMBO, KISII');
INSERT INTO calls_customer VALUES(7,'WILSON','0721285578',NULL,'KIRINYAGA');
INSERT INTO calls_customer VALUES(8,'KOECH','0720775927',NULL,'Eldoret - plants in Ainabkoi');
INSERT INTO calls_customer VALUES(9,'MARGARET WANJAU','0107316751','margaret@pesira.io','PESIRA - NAIROBI');
INSERT INTO calls_customer VALUES(10,'WILSON','0722689763',NULL,'ELDORET CITY');
INSERT INTO calls_customer VALUES(11,'FRED','0722867040',NULL,'KITALE');
INSERT INTO calls_customer VALUES(12,'Eunice','0712376542',NULL,'Nairobi');
INSERT INTO calls_customer VALUES(13,'N/A','N/A',NULL,'Kirinyaga');
CREATE TABLE IF NOT EXISTS "calls_report" ("id" integer NOT NULL PRIMARY KEY AUTOINCREMENT, "report_name" varchar(100) NOT NULL, "generated_at" datetime NOT NULL, "data" text NOT NULL CHECK ((JSON_VALID("data") OR "data" IS NULL)));
CREATE TABLE IF NOT EXISTS "django_session" ("session_key" varchar(40) NOT NULL PRIMARY KEY, "session_data" text NOT NULL, "expire_date" datetime NOT NULL);
INSERT INTO django_session VALUES('dp9o3s3w4q9xox6eetjanu5nyv45g0zv','.eJxVjEEOwiAQRe_C2pABChSX7j0DGZhBqoYmpV0Z765NutDtf-_9l4i4rTVunZc4kTgLJU6_W8L84LYDumO7zTLPbV2mJHdFHrTL60z8vBzu30HFXr91gEDEYDMqB6SgUChGZV1MHjU778xACR0664xG9jaAt0qNZfBQkI14fwDjeTed:1tHzw9:mfuNwL4YsEium_xcR3ZJxxOp5-3fvTO0ymECc7hkJy8','2024-12-16 06:29:37.910247');
CREATE TABLE IF NOT EXISTS "calls_calllog" ("id" integer NOT NULL PRIMARY KEY AUTOINCREMENT, "query_type" varchar(50) NOT NULL, "description" text NOT NULL, "status" varchar(2) NOT NULL, "created_at" datetime NOT NULL, "updated_at" datetime NOT NULL, "assigned_to_id" integer NULL REFERENCES "auth_user" ("id") DEFERRABLE INITIALLY DEFERRED, "logged_by_id" integer NOT NULL REFERENCES "auth_user" ("id") DEFERRABLE INITIALLY DEFERRED, "customer_id" bigint NOT NULL REFERENCES "calls_customer" ("id") DEFERRABLE INITIALLY DEFERRED, "action_taken" text NULL, "category" varchar(50) NOT NULL, "recommendation" text NULL);
INSERT INTO calls_calllog VALUES(1,'Query','Aim to map the maize seeds we are recommending to farmers at the ward level. This initiative will help ensure farmers plant maize varieties best suited to their areas, leading to improved yields.','IP','2024-12-02 06:33:44.384503','2024-12-03 06:03:00.866288',1,1,1,'Downloaded the Bayer Excel Sheet as shared by George. Mapping on going as we speak.','Maize','We should have such mapping data ready in digital format at all times so as to resolve such requests in the shortest time possible.');
INSERT INTO calls_calllog VALUES(2,'Query','H513','R','2024-12-02 08:45:16.942737','2024-12-03 06:01:25.708478',1,1,2,'To communicate once seed availability is confirmed.','Maize','Restock of H513 variety imminent.');
INSERT INTO calls_calllog VALUES(3,'Query','GLORIA F1 CABBAGE PRICE AND AVAILABILITY.','R','2024-12-02 12:18:19.401271','2024-12-03 06:00:19.590274',1,1,3,'Confirmed to client Peter that the seed is available and sent him to our Nakuru Branch for the seeds.','Others','To fast track on e-commerce implementation at KSC to enable clients like Peter purchase online from wherever they are.');
INSERT INTO calls_calllog VALUES(4,'Query','Requesting partnership with KSC','R','2024-12-02 12:59:40.137162','2024-12-03 05:59:13.436836',1,1,4,'Explained to the client the Modus operandi at KSC regarding growers'' partnerships.','Others','More stakeholder engagement to sensitize potential growers on the KSC growers program.');
INSERT INTO calls_calllog VALUES(5,'Query','Gloria F1 100g prices','R','2024-12-02 13:02:20.496052','2024-12-03 05:56:44.878966',1,1,5,'Read the prices for 50g since the 100g is out of stock.','Others','Restocking of Gloria F1 100g');
INSERT INTO calls_calllog VALUES(6,'Query','Spring Onion','R','2024-12-03 08:02:34.421258','2024-12-03 08:10:59.820878',1,1,6,'To communicate once seed is available.','Others','Spring onion has been out of stock for a while. I recommend we restock it soonest possible.');
INSERT INTO calls_calllog VALUES(7,'Query',replace(replace('Dairy farmer in njeed of pasture and fodder for dairy cows. \r\nHas tried various pasture crops from us before such as Boma Rhodes, Sudan grass, and bracharia. \r\n\r\nLooks to establish Lucern and Boma Rhodes','\r',char(13)),'\n',char(10)),'R','2024-12-03 08:09:46.429408','2024-12-03 08:09:46.429408',1,1,7,'Gave customer details on Boma Rhodes and Lucern, including pricing and planting tips.','Others','To followup with farmer and ensure crops established correctly.');
INSERT INTO calls_calllog VALUES(8,'Query',replace(replace('1. Which is the best variety - Maize\r\n2. What agronomically','\r',char(13)),'\n',char(10)),'R','2024-12-03 08:33:58.128413','2024-12-03 08:33:58.128413',1,1,8,replace(replace('1. Sort to know customer experience.\r\n2. Probed the customer further to discover the agronomical practices he has deployed in his farm now and before. \r\n\r\nDiscovered: \r\n1. Farmer doesn''t do crop rotation hence poor soil structure','\r',char(13)),'\n',char(10)),'Others','Advised farmer to do crop rotation once done with Maize harvest so as to improve his soil structure and nutrients, for better yield.');
INSERT INTO calls_calllog VALUES(9,'Query',replace(replace('Pesira organization: - deals with farmers. \r\n\r\nIntends to partner with us for farming purposes.','\r',char(13)),'\n',char(10)),'R','2024-12-03 11:26:54.506216','2024-12-03 11:26:54.506216',1,1,9,'Took clients contacts for further consultations, as well as directed her on our official channels of communication: sales@kenyaseed.co.ke','Others','Follow up required.');
INSERT INTO calls_calllog VALUES(10,'Query',replace(replace('Log book transfer: \r\n- Tractor Log book transfer','\r',char(13)),'\n',char(10)),'R','2024-12-03 11:53:06.839181','2024-12-03 11:53:06.839181',1,1,10,'Adviced farmer to visit HQ Legal Office','Others','Log book transfer queries to be directed to the legal office.');
INSERT INTO calls_calllog VALUES(11,'Query','Short season','R','2024-12-03 12:04:34.613753','2024-12-03 12:04:34.613753',1,1,11,'Send','Maize','bought');
INSERT INTO calls_calllog VALUES(12,'Query','Water melon - Sukari F1','R','2024-12-03 12:59:20.549523','2024-12-03 12:59:20.549523',1,1,12,'Referred to Julie F1','Others','We should make our varieties known by conducting roadshows and radio talks.');
INSERT INTO calls_calllog VALUES(13,'Query','Sunflower','R','2024-12-03 13:34:36.792035','2024-12-03 13:34:36.792035',1,1,13,'Referred to Karatina branch','Others','N/A');
INSERT INTO sqlite_sequence VALUES('django_migrations',20);
INSERT INTO sqlite_sequence VALUES('django_admin_log',29);
INSERT INTO sqlite_sequence VALUES('django_content_type',9);
INSERT INTO sqlite_sequence VALUES('auth_permission',36);
INSERT INTO sqlite_sequence VALUES('auth_group',0);
INSERT INTO sqlite_sequence VALUES('auth_user',1);
INSERT INTO sqlite_sequence VALUES('calls_customer',13);
INSERT INTO sqlite_sequence VALUES('calls_calllog',13);
CREATE UNIQUE INDEX "auth_group_permissions_group_id_permission_id_0cd325b0_uniq" ON "auth_group_permissions" ("group_id", "permission_id");
CREATE INDEX "auth_group_permissions_group_id_b120cbf9" ON "auth_group_permissions" ("group_id");
CREATE INDEX "auth_group_permissions_permission_id_84c5c92e" ON "auth_group_permissions" ("permission_id");
CREATE UNIQUE INDEX "auth_user_groups_user_id_group_id_94350c0c_uniq" ON "auth_user_groups" ("user_id", "group_id");
CREATE INDEX "auth_user_groups_user_id_6a12ed8b" ON "auth_user_groups" ("user_id");
CREATE INDEX "auth_user_groups_group_id_97559544" ON "auth_user_groups" ("group_id");
CREATE UNIQUE INDEX "auth_user_user_permissions_user_id_permission_id_14a6b632_uniq" ON "auth_user_user_permissions" ("user_id", "permission_id");
CREATE INDEX "auth_user_user_permissions_user_id_a95ead1b" ON "auth_user_user_permissions" ("user_id");
CREATE INDEX "auth_user_user_permissions_permission_id_1fbb5f2c" ON "auth_user_user_permissions" ("permission_id");
CREATE INDEX "django_admin_log_content_type_id_c4bce8eb" ON "django_admin_log" ("content_type_id");
CREATE INDEX "django_admin_log_user_id_c564eba6" ON "django_admin_log" ("user_id");
CREATE UNIQUE INDEX "django_content_type_app_label_model_76bd3d3b_uniq" ON "django_content_type" ("app_label", "model");
CREATE UNIQUE INDEX "auth_permission_content_type_id_codename_01ab375a_uniq" ON "auth_permission" ("content_type_id", "codename");
CREATE INDEX "auth_permission_content_type_id_2f476e4b" ON "auth_permission" ("content_type_id");
CREATE INDEX "django_session_expire_date_a5c62663" ON "django_session" ("expire_date");
CREATE INDEX "calls_calllog_assigned_to_id_e5a378c6" ON "calls_calllog" ("assigned_to_id");
CREATE INDEX "calls_calllog_logged_by_id_393fa288" ON "calls_calllog" ("logged_by_id");
CREATE INDEX "calls_calllog_customer_id_9635cfb1" ON "calls_calllog" ("customer_id");
COMMIT;
